{"cameraMode":{"drawMode":0,"name":"Shaded","section":"Shading Mode"},"sceneLighting":false,"audioPlay":false,"sceneViewState":{"m_AlwaysRefresh":false,"showFog":true,"showSkybox":false,"showFlares":true,"showImageEffects":true,"showParticleSystems":true,"showVisualEffectGraphs":true,"m_FxEnabled":true},"in2DMode":false,"pivot":{"x":-15.711067199707032,"y":-9.789895057678223,"z":0.17894363403320313},"rotation":{"x":0.007373184897005558,"y":-0.9088713526725769,"z":-0.016079889610409738,"w":-0.41671010851860049},"size":33.78288650512695,"orthographic":true}