{"cameraMode":{"drawMode":0,"name":"Shaded","section":"Shading Mode"},"sceneLighting":false,"audioPlay":false,"sceneViewState":{"m_AlwaysRefresh":false,"showFog":true,"showSkybox":false,"showFlares":true,"showImageEffects":true,"showParticleSystems":true,"showVisualEffectGraphs":true,"m_FxEnabled":true},"in2DMode":false,"pivot":{"x":-10.556819915771485,"y":-9.491508483886719,"z":18.520767211914064},"rotation":{"x":-0.3537846505641937,"y":0.030013900250196458,"z":-0.011359648779034615,"w":-0.9347783923149109},"size":100.12492370605469,"orthographic":false}